-- phpMyAdmin SQL Dump
-- version 5.1.1
-- https://www.phpmyadmin.net/
--
-- Host: 127.0.0.1
-- Generation Time: Jul 19, 2022 at 11:27 AM
-- Server version: 10.4.20-MariaDB
-- PHP Version: 8.0.9

SET SQL_MODE = "NO_AUTO_VALUE_ON_ZERO";
START TRANSACTION;
SET time_zone = "+00:00";


/*!40101 SET @OLD_CHARACTER_SET_CLIENT=@@CHARACTER_SET_CLIENT */;
/*!40101 SET @OLD_CHARACTER_SET_RESULTS=@@CHARACTER_SET_RESULTS */;
/*!40101 SET @OLD_COLLATION_CONNECTION=@@COLLATION_CONNECTION */;
/*!40101 SET NAMES utf8mb4 */;

--
-- Database: `dbstudentorgportal`
--

-- --------------------------------------------------------

--
-- Table structure for table `tb_action`
--

CREATE TABLE `tb_action` (
  `action_id` bigint(18) NOT NULL,
  `action_type` varchar(8000) NOT NULL
) ENGINE=InnoDB DEFAULT CHARSET=utf8mb4;

-- --------------------------------------------------------

--
-- Table structure for table `tb_admin`
--

CREATE TABLE `tb_admin` (
  `ADMIN_ID` int(2) NOT NULL,
  `FIRST_NAME` varchar(50) NOT NULL,
  `LAST_NAME` varchar(50) NOT NULL,
  `MIDDLE_INITIAL` char(2) NOT NULL,
  `EMAIL` varchar(100) NOT NULL,
  `PASSWORD` varchar(60) NOT NULL
) ENGINE=InnoDB DEFAULT CHARSET=utf8mb4;

--
-- Dumping data for table `tb_admin`
--

INSERT INTO `tb_admin` (`ADMIN_ID`, `FIRST_NAME`, `LAST_NAME`, `MIDDLE_INITIAL`, `EMAIL`, `PASSWORD`) VALUES
(1, 'John', 'Doe', '', 'johndoe@my.jru.edu', '7c222fb2927d828af22f592134e8932480637c0d');

-- --------------------------------------------------------

--
-- Table structure for table `tb_audit_trail`
--

CREATE TABLE `tb_audit_trail` (
  `audit_id` bigint(18) NOT NULL,
  `action_id` bigint(18) NOT NULL,
  `description` varchar(8000) NOT NULL,
  `date_time` datetime NOT NULL
) ENGINE=InnoDB DEFAULT CHARSET=utf8mb4;

-- --------------------------------------------------------

--
-- Table structure for table `tb_candidate`
--

CREATE TABLE `tb_candidate` (
  `CANDIDATE_ID` int(2) NOT NULL,
  `ORG_ID` int(2) NOT NULL,
  `POSITION_ID` int(2) NOT NULL,
  `STUDENT_NO` int(9) NOT NULL,
  `LAST_NAME` varchar(50) NOT NULL,
  `FIRST_NAME` varchar(50) NOT NULL,
  `MIDDLE_INITIAL` varchar(2) NOT NULL,
  `course` varchar(10) NOT NULL,
  `section` varchar(10) NOT NULL
) ENGINE=InnoDB DEFAULT CHARSET=utf8mb4;

-- --------------------------------------------------------

--
-- Table structure for table `tb_collegedept`
--

CREATE TABLE `tb_collegedept` (
  `college_id` int(11) NOT NULL,
  `college` varchar(100) NOT NULL
) ENGINE=InnoDB DEFAULT CHARSET=utf8mb4;

--
-- Dumping data for table `tb_collegedept`
--

INSERT INTO `tb_collegedept` (`college_id`, `college`) VALUES
(1, 'College of Liberal Arts, Criminology and Education'),
(2, 'College of Business Administration'),
(3, 'College of Computer Studies and Engineering'),
(4, 'College of Hospitality and Tourism Management'),
(5, 'College of Nursing and Health Sciences');

-- --------------------------------------------------------

--
-- Table structure for table `tb_course`
--

CREATE TABLE `tb_course` (
  `course_id` int(2) NOT NULL,
  `course` varchar(150) NOT NULL,
  `college_id` int(11) DEFAULT NULL
) ENGINE=InnoDB DEFAULT CHARSET=utf8mb4;

--
-- Dumping data for table `tb_course`
--

INSERT INTO `tb_course` (`course_id`, `course`, `college_id`) VALUES
(1, 'Bachelor of Arts (AB) Major in Economics', 1),
(2, 'Bachelor of Arts (AB) Major in English', 1),
(3, 'Bachelor of Arts (AB) Major in History', 1),
(4, 'Bachelor of Arts (AB) Major in Mathematics', 1),
(5, 'Bachelor of Arts in Psychology (ABPsy)', 1),
(6, 'Bachelor of Science in Psychology (BSPsy)', 1),
(7, 'Bachelor of Science in Criminology (BSCrim)', 1),
(8, 'Bachelor of Secondary Education (BSED) Major in English', 1),
(9, 'Bachelor of Secondary Education (BSED) Major in Mathematics', 1),
(10, 'Bachelor of Secondary Education (BSED) Major in Social Studies', 1),
(11, 'Bachelor of Elementary Education (BEED)', 1),
(12, 'Certificate in Teaching Education (CTE)', 1),
(13, 'Bachelor of Science in Accountancy (BSA)', 2),
(14, 'Bachelor of Science in Business Administration (BSBA) Major in Accounting', 2),
(15, 'Bachelor of Science in Business Administration (BSBA) Major in Banking and Finance', 2),
(16, 'Bachelor of Science in Business Administration (BSBA) Major in Computer Science', 2),
(17, 'Bachelor of Science in Business Administration (BSBA) Major in Economics', 2),
(18, 'Bachelor of Science in Business Administration (BSBA) Major in Management', 2),
(19, 'Bachelor of Science in Business Administration (BSBA) Major in Marketing', 2),
(20, 'Bachelor of Science in Business Administration (BSBA) Major in Supply Management', 2),
(21, 'Bachelor of Science in Legal Management (BSLgM)', 2),
(22, 'Bachelor of Science in Computer Engineering (BSCpE)', 3),
(23, 'Bachelor of Science in Electronics Engineering (BSEcE)', 3),
(24, 'Bachelor of Science in Information Technology (BSIT)', 3),
(25, 'Bachelor of Science in Information Technology (BSIT-BA) Major in Business Analytics', 3),
(26, 'Bachelor of Science in Entertainment and Multimedia Computing (BSEMC) Major in Digital Animation Tech', 3),
(27, 'Bachelor of Science in Information Technology (BSIT-AGD) Major in Animation and Game Development', 3),
(28, 'Bachelor of Science in Hospitality Management (BSHM)', 4),
(29, 'Bachelor of Science in Hospitality Management (BSHM – CM) Major in Cruise Management ', 4),
(30, 'Bachelor of Science in Tourism Management (BSTM)', 4),
(31, 'Bachelor of Science in Nursing (BSN)', 5);

-- --------------------------------------------------------

--
-- Table structure for table `tb_disc`
--

CREATE TABLE `tb_disc` (
  `disc_id` int(11) NOT NULL,
  `disc_topic_id` int(11) NOT NULL,
  `ORG_ID` int(2) NOT NULL,
  `officer_id` int(2) NOT NULL,
  `likes` int(11) NOT NULL,
  `dislikes` int(11) NOT NULL,
  `no_of_replies` int(11) NOT NULL,
  `reply_id` int(11) NOT NULL
) ENGINE=InnoDB DEFAULT CHARSET=utf8mb4;

-- --------------------------------------------------------

--
-- Table structure for table `tb_disc_reply`
--

CREATE TABLE `tb_disc_reply` (
  `reply_id` int(11) NOT NULL,
  `reply` int(11) NOT NULL,
  `disc_id` int(11) NOT NULL,
  `disc_topic_id` int(11) NOT NULL,
  `org_id` int(11) NOT NULL
) ENGINE=InnoDB DEFAULT CHARSET=utf8mb4;

-- --------------------------------------------------------

--
-- Table structure for table `tb_disc_topic`
--

CREATE TABLE `tb_disc_topic` (
  `disc_topic_id` int(11) NOT NULL,
  `ORG_ID` int(2) NOT NULL,
  `topic_desc` varchar(9000) NOT NULL
) ENGINE=InnoDB DEFAULT CHARSET=utf8mb4;

-- --------------------------------------------------------

--
-- Table structure for table `tb_event`
--

CREATE TABLE `tb_event` (
  `event_id` int(10) NOT NULL,
  `ORG_ID` int(2) NOT NULL,
  `event` varchar(9000) NOT NULL,
  `date` date NOT NULL
) ENGINE=InnoDB DEFAULT CHARSET=utf8mb4;

-- --------------------------------------------------------

--
-- Table structure for table `tb_morg`
--

CREATE TABLE `tb_morg` (
  `MORG_ID` int(2) NOT NULL,
  `MOTHER_ORG` varchar(100) NOT NULL,
  `college_id` int(11) DEFAULT NULL,
  `course_id` int(11) DEFAULT NULL
) ENGINE=InnoDB DEFAULT CHARSET=utf8mb4;

--
-- Dumping data for table `tb_morg`
--

INSERT INTO `tb_morg` (`MORG_ID`, `MOTHER_ORG`, `college_id`, `course_id`) VALUES
(1, 'Association of Students of History (ASH)', 1, NULL),
(2, 'Criminal Justice Students Society (CJSS)', 1, NULL),
(3, 'Liberal Arts Students Organization (LASO)', 1, NULL),
(4, 'Mathematics Society (MATHSOC)', 1, NULL),
(5, 'Young, Educators Society (YES)', 2, NULL),
(6, 'Junior Finance and Economics Society (JFINECS)', 2, NULL),
(7, 'Junior Philippine Institute of Accountants (JPIA)', 2, NULL),
(8, 'Management Society (MANSOC)', 2, NULL),
(9, 'Supply Management Society (SMS)', 2, NULL),
(10, 'Young Marketers Association (YMA)', 2, NULL),
(11, 'Auxiliary of Computer Engineering Students (ACES)', 3, NULL),
(12, 'Computer Society (COMSOC)', 3, NULL),
(13, 'Electronics Engineering League (ECEL)', 3, NULL),
(14, 'Association of Tourism Management Students (ATOMS)', 4, NULL),
(15, 'Hospitality, Hotelier and Restaurateur Society (HHRS)', 4, NULL),
(16, 'Nursing Society (NURSOC)', 5, NULL);

-- --------------------------------------------------------

--
-- Table structure for table `tb_msg`
--

CREATE TABLE `tb_msg` (
  `msg_id` bigint(18) NOT NULL,
  `Msg` varchar(9000) NOT NULL
) ENGINE=InnoDB DEFAULT CHARSET=utf8mb4;

-- --------------------------------------------------------

--
-- Table structure for table `tb_msg_reply`
--

CREATE TABLE `tb_msg_reply` (
  `msg_reply_id` bigint(18) NOT NULL,
  `msg` varchar(8000) NOT NULL
) ENGINE=InnoDB DEFAULT CHARSET=utf8mb4;

-- --------------------------------------------------------

--
-- Table structure for table `tb_officers`
--

CREATE TABLE `tb_officers` (
  `officer_id` int(2) NOT NULL,
  `position_id` int(2) NOT NULL,
  `last_name` varchar(50) NOT NULL,
  `first_name` varchar(50) NOT NULL,
  `middle_initial` char(50) NOT NULL,
  `course` varchar(20) NOT NULL,
  `section` varchar(10) NOT NULL,
  `email` varchar(30) NOT NULL,
  `password` varchar(30) NOT NULL,
  `org_id` int(11) NOT NULL
) ENGINE=InnoDB DEFAULT CHARSET=utf8mb4;

-- --------------------------------------------------------

--
-- Table structure for table `tb_orgs`
--

CREATE TABLE `tb_orgs` (
  `ORG_ID` int(2) NOT NULL,
  `ORG` varchar(100) NOT NULL,
  `college_id` int(11) DEFAULT NULL
) ENGINE=InnoDB DEFAULT CHARSET=utf8mb4;

--
-- Dumping data for table `tb_orgs`
--

INSERT INTO `tb_orgs` (`ORG_ID`, `ORG`, `college_id`) VALUES
(1, 'Association of Students of History (ASH)', 1),
(2, 'Criminal Justice Students Society (CJSS)', 1),
(3, 'Liberal Arts Students Organization (LASO)', 1),
(4, 'Mathematics Society (MATHSOC)', 1),
(5, 'Young, Educators Society (YES)', 1),
(6, 'Junior Finance and Economics Society (JFINECS)', 2),
(7, 'Junior Philippine Institute of Accountants (JPIA)', 2),
(8, 'Management Society (MANSOC)', 2),
(9, 'Supply Management Society (SMS)', 2),
(10, 'Young Marketers Association (YMA)', 2),
(11, 'Auxiliary of Computer Engineering Students (ACES)', 3),
(12, 'Computer Society (COMSOC)', 3),
(13, 'Electronics Engineering League (ECEL)', 3),
(14, 'Association of Tourism Management Students (ATOMS)', 4),
(15, 'Hospitality, Hotelier and Restaurateur Society (HHRS)', 4),
(16, 'Nursing Society (NURSOC)', 4),
(17, 'José Rizal University Book Buddies', NULL),
(18, 'Young Rizalian Servant Leaders (YRSL)', NULL),
(19, 'Golden Z Club', NULL),
(20, 'International Students Association (ISA)', NULL),
(21, 'José Rizal University Chorale', NULL),
(22, 'José Rizal University Dance Troupe', NULL),
(23, 'Teatro Rizal', NULL),
(24, 'Junior Photographic Editors and Graphic Artists (JPEG)', NULL);

-- --------------------------------------------------------

--
-- Table structure for table `tb_pkanswerkey`
--

CREATE TABLE `tb_pkanswerkey` (
  `question_id` int(9) NOT NULL,
  `answer` varchar(8000) NOT NULL,
  `student_id` int(9) NOT NULL,
  `survey_id` int(2) NOT NULL
) ENGINE=InnoDB DEFAULT CHARSET=utf8mb4;

-- --------------------------------------------------------

--
-- Table structure for table `tb_pkapplykey`
--

CREATE TABLE `tb_pkapplykey` (
  `INTERVIEW` varchar(8000) NOT NULL,
  `STUDENT_ID` int(9) NOT NULL,
  `ORG_ID` int(2) NOT NULL
) ENGINE=InnoDB DEFAULT CHARSET=utf8mb4;

-- --------------------------------------------------------

--
-- Table structure for table `tb_pkcastkey`
--

CREATE TABLE `tb_pkcastkey` (
  `VOTE_ID` int(2) NOT NULL,
  `STUDENT_NO` int(9) NOT NULL,
  `POSITION_ID` int(2) NOT NULL,
  `CANDIDATE_VOTED` varchar(100) NOT NULL
) ENGINE=InnoDB DEFAULT CHARSET=utf8mb4;

-- --------------------------------------------------------

--
-- Table structure for table `tb_position`
--

CREATE TABLE `tb_position` (
  `POSITION_ID` int(2) NOT NULL,
  `position` varchar(100) NOT NULL
) ENGINE=InnoDB DEFAULT CHARSET=utf8mb4;

--
-- Dumping data for table `tb_position`
--

INSERT INTO `tb_position` (`POSITION_ID`, `position`) VALUES
(1, 'President'),
(2, 'Vice President - Internal'),
(3, 'Vice President - External'),
(4, 'Secretary'),
(5, 'Assistant Secretary'),
(6, 'Treasurer'),
(7, 'Auditor'),
(8, 'P.R.O'),
(9, 'P.R.O Internal'),
(10, 'P.R.O External'),
(11, 'Assistant P.R.O'),
(12, 'Business Manager'),
(13, 'Overall Chairman'),
(14, 'Overall Co-Chairman'),
(15, '1st Year Representative'),
(16, '2nd Year Representative'),
(17, '3rd Year Representative'),
(18, '4th Year Representative'),
(19, 'Musical Director/Conductor');

-- --------------------------------------------------------

--
-- Table structure for table `tb_projectmonitoring`
--

CREATE TABLE `tb_projectmonitoring` (
  `project_id` int(11) NOT NULL,
  `org_id` int(11) NOT NULL,
  `course_id` int(11) DEFAULT NULL,
  `project_name` varchar(100) NOT NULL,
  `project_desc` varchar(8000) NOT NULL,
  `venue` varchar(100) NOT NULL,
  `estimated_budget` int(11) NOT NULL,
  `status` varchar(100) NOT NULL
) ENGINE=InnoDB DEFAULT CHARSET=utf8mb4;

--
-- Dumping data for table `tb_projectmonitoring`
--

INSERT INTO `tb_projectmonitoring` (`project_id`, `org_id`, `course_id`, `project_name`, `project_desc`, `venue`, `estimated_budget`, `status`) VALUES
(1, 12, 24, 'Sample Project', 'Sample Desc', 'JRU Auditorium ', 2000, 'Approved'),
(2, 11, 23, 'Sample Project 1', 'Sample Project 1', 'JRU Quadrangle', 3000, 'For Approval'),
(3, 13, 23, 'Sample Project 2', 'Sample Project 2', 'JRU Gymnasium', 2000, 'Pending'),
(4, 24, 26, 'Sample Project 3', 'Sample Project 3', 'JRU H - Building 3rd floor', 2000, 'Ongoing'),
(5, 7, 13, 'Sample Project 4', 'Sample Project 4', 'JRU Centennial Building', 2000, 'Implemented'),
(6, 11, 22, 'Sample Project 5', 'Sample Project 5', 'JRU Upper Quadrangle', 1000, 'Rejected'),
(7, 1, 3, 'Sample Project 6', 'Sample Project 6', 'JRU Lounge', 2000, 'Approved');

-- --------------------------------------------------------

--
-- Table structure for table `tb_results`
--

CREATE TABLE `tb_results` (
  `RESULTS_ID` int(2) NOT NULL,
  `ORG_ID` int(2) NOT NULL,
  `RESULTS` int(3) NOT NULL,
  `CANDIDATE_ID` int(2) NOT NULL,
  `TOTAL_COUNT` int(3) NOT NULL
) ENGINE=InnoDB DEFAULT CHARSET=utf8mb4;

-- --------------------------------------------------------

--
-- Table structure for table `tb_students`
--

CREATE TABLE `tb_students` (
  `STUDENT_ID` int(9) NOT NULL,
  `LAST_NAME` varchar(50) NOT NULL,
  `FIRST_NAME` varchar(50) NOT NULL,
  `MIDDLE_NAME` varchar(30) NOT NULL,
  `BIRTHDATE` date NOT NULL,
  `AGE` int(3) NOT NULL,
  `GENDER` varchar(7) NOT NULL,
  `YEAR_LEVEL` varchar(20) NOT NULL,
  `EMAIL` varchar(50) NOT NULL,
  `PASSWORD` varchar(50) NOT NULL,
  `COURSE` varchar(100) NOT NULL,
  `SECTION` varchar(10) DEFAULT NULL,
  `MORG_ID` int(2) DEFAULT NULL,
  `ORG_ID` int(2) DEFAULT NULL
) ENGINE=InnoDB DEFAULT CHARSET=utf8mb4;

--
-- Dumping data for table `tb_students`
--

INSERT INTO `tb_students` (`STUDENT_ID`, `LAST_NAME`, `FIRST_NAME`, `MIDDLE_NAME`, `BIRTHDATE`, `AGE`, `GENDER`, `YEAR_LEVEL`, `EMAIL`, `PASSWORD`, `COURSE`, `SECTION`, `MORG_ID`, `ORG_ID`) VALUES
(17401211, 'Legaspi III', 'Bienvenido', 'Argote', '2000-06-13', 22, 'Male', '4', 'bienvenido.legaspiii@my.jru.edu', '7c222fb2927d828af22f592134e8932480637c0d', 'Bachelor of Science in Information Technology (BSIT)', '302I', 12, NULL),
(17402211, 'Doe', 'John', '', '2000-06-13', 22, 'Male', '4', 'johndoe@my.jru.edu', '7c222fb2927d828af22f592134e8932480637c0d', 'Bachelor of Science in Information Technology (BSIT)', '302I', 12, NULL);

-- --------------------------------------------------------

--
-- Table structure for table `tb_survey`
--

CREATE TABLE `tb_survey` (
  `survey_id` int(11) NOT NULL,
  `event_id` int(11) NOT NULL,
  `question` varchar(8000) NOT NULL,
  `response` varchar(8000) NOT NULL
) ENGINE=InnoDB DEFAULT CHARSET=utf8mb4;

-- --------------------------------------------------------

--
-- Table structure for table `tb_surveyresult`
--

CREATE TABLE `tb_surveyresult` (
  `RESULTS_ID` int(10) NOT NULL,
  `ORG_ID` int(2) NOT NULL,
  `event_id` int(9) NOT NULL,
  `response` varchar(8000) NOT NULL,
  `date` date NOT NULL
) ENGINE=InnoDB DEFAULT CHARSET=utf8mb4;

-- --------------------------------------------------------

--
-- Table structure for table `tb_thread`
--

CREATE TABLE `tb_thread` (
  `thread_id` bigint(18) NOT NULL,
  `msg_id` bigint(18) NOT NULL,
  `reply_id` bigint(18) NOT NULL
) ENGINE=InnoDB DEFAULT CHARSET=utf8mb4;

-- --------------------------------------------------------

--
-- Table structure for table `tb_vote`
--

CREATE TABLE `tb_vote` (
  `VOTE_ID` int(2) NOT NULL,
  `ORG_ID` int(2) NOT NULL,
  `POSITION_ID` int(2) NOT NULL,
  `CANDIDATE_ID` int(2) NOT NULL,
  `VOTE_COUNT` int(3) NOT NULL,
  `RESULTS` int(3) NOT NULL,
  `DATE` date NOT NULL
) ENGINE=InnoDB DEFAULT CHARSET=utf8mb4;

--
-- Indexes for dumped tables
--

--
-- Indexes for table `tb_action`
--
ALTER TABLE `tb_action`
  ADD PRIMARY KEY (`action_id`);

--
-- Indexes for table `tb_admin`
--
ALTER TABLE `tb_admin`
  ADD PRIMARY KEY (`ADMIN_ID`);

--
-- Indexes for table `tb_audit_trail`
--
ALTER TABLE `tb_audit_trail`
  ADD PRIMARY KEY (`audit_id`),
  ADD KEY `auditTrail_action_id_fk` (`action_id`);

--
-- Indexes for table `tb_candidate`
--
ALTER TABLE `tb_candidate`
  ADD PRIMARY KEY (`CANDIDATE_ID`),
  ADD KEY `candidate_org_id_fk` (`ORG_ID`),
  ADD KEY `candidate_position_id_fk` (`POSITION_ID`),
  ADD KEY `candidate_studentid_fk` (`STUDENT_NO`);

--
-- Indexes for table `tb_collegedept`
--
ALTER TABLE `tb_collegedept`
  ADD PRIMARY KEY (`college_id`);

--
-- Indexes for table `tb_course`
--
ALTER TABLE `tb_course`
  ADD PRIMARY KEY (`course_id`),
  ADD KEY `course_college_id_fk` (`college_id`);

--
-- Indexes for table `tb_disc`
--
ALTER TABLE `tb_disc`
  ADD PRIMARY KEY (`disc_id`),
  ADD KEY `disc_discTopic_id_fk` (`disc_topic_id`),
  ADD KEY `disc_org_id_fk` (`ORG_ID`),
  ADD KEY `disc_officer_id_fk` (`officer_id`),
  ADD KEY `disc_reply_id_fk` (`reply_id`);

--
-- Indexes for table `tb_disc_reply`
--
ALTER TABLE `tb_disc_reply`
  ADD PRIMARY KEY (`reply_id`),
  ADD KEY `discReply_disc_id_fk` (`disc_id`),
  ADD KEY `discReply_discTopic_id_fk` (`disc_topic_id`),
  ADD KEY `discReply_org_id_fk` (`org_id`);

--
-- Indexes for table `tb_disc_topic`
--
ALTER TABLE `tb_disc_topic`
  ADD PRIMARY KEY (`disc_topic_id`),
  ADD KEY `discTopic_org_id_fk` (`ORG_ID`);

--
-- Indexes for table `tb_event`
--
ALTER TABLE `tb_event`
  ADD PRIMARY KEY (`event_id`),
  ADD KEY `event_org_id_fk` (`ORG_ID`);

--
-- Indexes for table `tb_morg`
--
ALTER TABLE `tb_morg`
  ADD PRIMARY KEY (`MORG_ID`),
  ADD KEY `morg_college_id_fk` (`college_id`),
  ADD KEY `morg_course_id_fk` (`course_id`);

--
-- Indexes for table `tb_msg`
--
ALTER TABLE `tb_msg`
  ADD PRIMARY KEY (`msg_id`);

--
-- Indexes for table `tb_msg_reply`
--
ALTER TABLE `tb_msg_reply`
  ADD PRIMARY KEY (`msg_reply_id`);

--
-- Indexes for table `tb_officers`
--
ALTER TABLE `tb_officers`
  ADD PRIMARY KEY (`officer_id`),
  ADD KEY `officers_position_id_fk` (`position_id`),
  ADD KEY `officers_org_id_fk` (`org_id`);

--
-- Indexes for table `tb_orgs`
--
ALTER TABLE `tb_orgs`
  ADD PRIMARY KEY (`ORG_ID`),
  ADD KEY `orgs_college_id_fk` (`college_id`);

--
-- Indexes for table `tb_pkanswerkey`
--
ALTER TABLE `tb_pkanswerkey`
  ADD KEY `pkAnswerKey_studentID_fk` (`student_id`),
  ADD KEY `pkAnswerKey_surveyID_fk` (`survey_id`);

--
-- Indexes for table `tb_pkapplykey`
--
ALTER TABLE `tb_pkapplykey`
  ADD KEY `student_applyKeyStudentID_fk` (`STUDENT_ID`),
  ADD KEY `student_appleKeyOrgID_fk` (`ORG_ID`);

--
-- Indexes for table `tb_pkcastkey`
--
ALTER TABLE `tb_pkcastkey`
  ADD KEY `pkCastkey_voteID_fk` (`VOTE_ID`),
  ADD KEY `pkCastkey_studentNO_fk` (`STUDENT_NO`),
  ADD KEY `pkCastkey_positionID_fk` (`POSITION_ID`);

--
-- Indexes for table `tb_position`
--
ALTER TABLE `tb_position`
  ADD PRIMARY KEY (`POSITION_ID`);

--
-- Indexes for table `tb_projectmonitoring`
--
ALTER TABLE `tb_projectmonitoring`
  ADD PRIMARY KEY (`project_id`),
  ADD KEY `project_course_id` (`course_id`),
  ADD KEY `project_org_id` (`org_id`);

--
-- Indexes for table `tb_results`
--
ALTER TABLE `tb_results`
  ADD PRIMARY KEY (`RESULTS_ID`),
  ADD KEY `result_org_id_fk` (`ORG_ID`),
  ADD KEY `result_candidate_id_fk` (`CANDIDATE_ID`);

--
-- Indexes for table `tb_students`
--
ALTER TABLE `tb_students`
  ADD PRIMARY KEY (`STUDENT_ID`),
  ADD KEY `student_morg_id_fk` (`MORG_ID`),
  ADD KEY `student_org_id_fk` (`ORG_ID`);

--
-- Indexes for table `tb_survey`
--
ALTER TABLE `tb_survey`
  ADD PRIMARY KEY (`survey_id`),
  ADD KEY `survey_event_id_fk` (`event_id`);

--
-- Indexes for table `tb_surveyresult`
--
ALTER TABLE `tb_surveyresult`
  ADD PRIMARY KEY (`RESULTS_ID`),
  ADD KEY `suveyResult_org_id_fk` (`ORG_ID`),
  ADD KEY `suveyResult_event_id_fk` (`event_id`);

--
-- Indexes for table `tb_thread`
--
ALTER TABLE `tb_thread`
  ADD PRIMARY KEY (`thread_id`),
  ADD KEY `thread_msg_id_fk` (`msg_id`),
  ADD KEY `thread_reply_id_fk` (`reply_id`);

--
-- Indexes for table `tb_vote`
--
ALTER TABLE `tb_vote`
  ADD PRIMARY KEY (`VOTE_ID`),
  ADD KEY `vote_org_id_fk` (`ORG_ID`),
  ADD KEY `vote_position_id_fk` (`POSITION_ID`),
  ADD KEY `vote_candidate_id_fk` (`CANDIDATE_ID`);

--
-- Constraints for dumped tables
--

--
-- Constraints for table `tb_audit_trail`
--
ALTER TABLE `tb_audit_trail`
  ADD CONSTRAINT `auditTrail_action_id_fk` FOREIGN KEY (`action_id`) REFERENCES `tb_action` (`action_id`) ON DELETE CASCADE ON UPDATE CASCADE;

--
-- Constraints for table `tb_candidate`
--
ALTER TABLE `tb_candidate`
  ADD CONSTRAINT `candidate_org_id_fk` FOREIGN KEY (`ORG_ID`) REFERENCES `tb_orgs` (`ORG_ID`) ON DELETE CASCADE ON UPDATE CASCADE,
  ADD CONSTRAINT `candidate_position_id_fk` FOREIGN KEY (`POSITION_ID`) REFERENCES `tb_position` (`POSITION_ID`) ON DELETE CASCADE ON UPDATE CASCADE,
  ADD CONSTRAINT `candidate_studentid_fk` FOREIGN KEY (`STUDENT_NO`) REFERENCES `tb_students` (`STUDENT_ID`) ON DELETE CASCADE ON UPDATE CASCADE;

--
-- Constraints for table `tb_course`
--
ALTER TABLE `tb_course`
  ADD CONSTRAINT `course_college_id_fk` FOREIGN KEY (`college_id`) REFERENCES `tb_collegedept` (`college_id`) ON DELETE CASCADE ON UPDATE CASCADE;

--
-- Constraints for table `tb_disc`
--
ALTER TABLE `tb_disc`
  ADD CONSTRAINT `disc_discTopic_id_fk` FOREIGN KEY (`disc_topic_id`) REFERENCES `tb_disc_topic` (`disc_topic_id`) ON DELETE CASCADE ON UPDATE CASCADE,
  ADD CONSTRAINT `disc_officer_id_fk` FOREIGN KEY (`officer_id`) REFERENCES `tb_officers` (`officer_id`) ON DELETE CASCADE ON UPDATE CASCADE,
  ADD CONSTRAINT `disc_org_id_fk` FOREIGN KEY (`ORG_ID`) REFERENCES `tb_orgs` (`ORG_ID`) ON DELETE CASCADE ON UPDATE CASCADE,
  ADD CONSTRAINT `disc_reply_id_fk` FOREIGN KEY (`reply_id`) REFERENCES `tb_disc_reply` (`reply_id`) ON DELETE CASCADE ON UPDATE CASCADE;

--
-- Constraints for table `tb_disc_reply`
--
ALTER TABLE `tb_disc_reply`
  ADD CONSTRAINT `discReply_discTopic_id_fk` FOREIGN KEY (`disc_topic_id`) REFERENCES `tb_disc_topic` (`disc_topic_id`) ON DELETE CASCADE ON UPDATE CASCADE,
  ADD CONSTRAINT `discReply_disc_id_fk` FOREIGN KEY (`disc_id`) REFERENCES `tb_disc` (`disc_id`) ON DELETE CASCADE ON UPDATE CASCADE,
  ADD CONSTRAINT `discReply_org_id_fk` FOREIGN KEY (`org_id`) REFERENCES `tb_orgs` (`ORG_ID`) ON DELETE CASCADE ON UPDATE CASCADE;

--
-- Constraints for table `tb_disc_topic`
--
ALTER TABLE `tb_disc_topic`
  ADD CONSTRAINT `discTopic_org_id_fk` FOREIGN KEY (`ORG_ID`) REFERENCES `tb_orgs` (`ORG_ID`) ON DELETE CASCADE ON UPDATE CASCADE;

--
-- Constraints for table `tb_event`
--
ALTER TABLE `tb_event`
  ADD CONSTRAINT `event_org_id_fk` FOREIGN KEY (`ORG_ID`) REFERENCES `tb_orgs` (`ORG_ID`) ON DELETE CASCADE ON UPDATE CASCADE;

--
-- Constraints for table `tb_morg`
--
ALTER TABLE `tb_morg`
  ADD CONSTRAINT `morg_college_id_fk` FOREIGN KEY (`college_id`) REFERENCES `tb_collegedept` (`college_id`) ON DELETE CASCADE ON UPDATE CASCADE,
  ADD CONSTRAINT `morg_course_id_fk` FOREIGN KEY (`course_id`) REFERENCES `tb_course` (`course_id`) ON DELETE CASCADE ON UPDATE CASCADE;

--
-- Constraints for table `tb_officers`
--
ALTER TABLE `tb_officers`
  ADD CONSTRAINT `officers_org_id_fk` FOREIGN KEY (`org_id`) REFERENCES `tb_orgs` (`ORG_ID`) ON DELETE CASCADE ON UPDATE CASCADE,
  ADD CONSTRAINT `officers_position_id_fk` FOREIGN KEY (`position_id`) REFERENCES `tb_position` (`POSITION_ID`) ON DELETE CASCADE ON UPDATE CASCADE;

--
-- Constraints for table `tb_orgs`
--
ALTER TABLE `tb_orgs`
  ADD CONSTRAINT `orgs_college_id_fk` FOREIGN KEY (`college_id`) REFERENCES `tb_collegedept` (`college_id`) ON DELETE CASCADE ON UPDATE CASCADE;

--
-- Constraints for table `tb_pkanswerkey`
--
ALTER TABLE `tb_pkanswerkey`
  ADD CONSTRAINT `pkAnswerKey_studentID_fk` FOREIGN KEY (`student_id`) REFERENCES `tb_students` (`STUDENT_ID`) ON DELETE CASCADE ON UPDATE CASCADE,
  ADD CONSTRAINT `pkAnswerKey_surveyID_fk` FOREIGN KEY (`survey_id`) REFERENCES `tb_survey` (`survey_id`) ON DELETE CASCADE ON UPDATE CASCADE;

--
-- Constraints for table `tb_pkapplykey`
--
ALTER TABLE `tb_pkapplykey`
  ADD CONSTRAINT `student_appleKeyOrgID_fk` FOREIGN KEY (`ORG_ID`) REFERENCES `tb_orgs` (`ORG_ID`) ON DELETE CASCADE ON UPDATE CASCADE,
  ADD CONSTRAINT `student_applyKeyStudentID_fk` FOREIGN KEY (`STUDENT_ID`) REFERENCES `tb_students` (`STUDENT_ID`) ON DELETE CASCADE ON UPDATE CASCADE;

--
-- Constraints for table `tb_pkcastkey`
--
ALTER TABLE `tb_pkcastkey`
  ADD CONSTRAINT `pkCastkey_positionID_fk` FOREIGN KEY (`POSITION_ID`) REFERENCES `tb_position` (`POSITION_ID`) ON DELETE CASCADE ON UPDATE CASCADE,
  ADD CONSTRAINT `pkCastkey_studentNO_fk` FOREIGN KEY (`STUDENT_NO`) REFERENCES `tb_students` (`STUDENT_ID`) ON DELETE CASCADE ON UPDATE CASCADE,
  ADD CONSTRAINT `pkCastkey_voteID_fk` FOREIGN KEY (`VOTE_ID`) REFERENCES `tb_vote` (`VOTE_ID`) ON DELETE CASCADE ON UPDATE CASCADE;

--
-- Constraints for table `tb_projectmonitoring`
--
ALTER TABLE `tb_projectmonitoring`
  ADD CONSTRAINT `project_course_id` FOREIGN KEY (`course_id`) REFERENCES `tb_course` (`course_id`) ON DELETE CASCADE ON UPDATE CASCADE,
  ADD CONSTRAINT `project_org_id` FOREIGN KEY (`org_id`) REFERENCES `tb_orgs` (`ORG_ID`) ON DELETE CASCADE ON UPDATE CASCADE;

--
-- Constraints for table `tb_results`
--
ALTER TABLE `tb_results`
  ADD CONSTRAINT `result_candidate_id_fk` FOREIGN KEY (`CANDIDATE_ID`) REFERENCES `tb_candidate` (`CANDIDATE_ID`) ON DELETE CASCADE ON UPDATE CASCADE,
  ADD CONSTRAINT `result_org_id_fk` FOREIGN KEY (`ORG_ID`) REFERENCES `tb_orgs` (`ORG_ID`) ON DELETE CASCADE ON UPDATE CASCADE;

--
-- Constraints for table `tb_students`
--
ALTER TABLE `tb_students`
  ADD CONSTRAINT `student_morg_id_fk` FOREIGN KEY (`MORG_ID`) REFERENCES `tb_morg` (`MORG_ID`) ON DELETE CASCADE ON UPDATE CASCADE,
  ADD CONSTRAINT `student_org_id_fk` FOREIGN KEY (`ORG_ID`) REFERENCES `tb_orgs` (`ORG_ID`) ON DELETE CASCADE ON UPDATE CASCADE;

--
-- Constraints for table `tb_survey`
--
ALTER TABLE `tb_survey`
  ADD CONSTRAINT `survey_event_id_fk` FOREIGN KEY (`event_id`) REFERENCES `tb_event` (`event_id`) ON DELETE CASCADE ON UPDATE CASCADE;

--
-- Constraints for table `tb_surveyresult`
--
ALTER TABLE `tb_surveyresult`
  ADD CONSTRAINT `suveyResult_event_id_fk` FOREIGN KEY (`event_id`) REFERENCES `tb_event` (`event_id`) ON DELETE CASCADE ON UPDATE CASCADE,
  ADD CONSTRAINT `suveyResult_org_id_fk` FOREIGN KEY (`ORG_ID`) REFERENCES `tb_orgs` (`ORG_ID`) ON DELETE CASCADE ON UPDATE CASCADE;

--
-- Constraints for table `tb_thread`
--
ALTER TABLE `tb_thread`
  ADD CONSTRAINT `thread_msg_id_fk` FOREIGN KEY (`msg_id`) REFERENCES `tb_msg` (`msg_id`) ON DELETE CASCADE ON UPDATE CASCADE,
  ADD CONSTRAINT `thread_reply_id_fk` FOREIGN KEY (`reply_id`) REFERENCES `tb_msg_reply` (`msg_reply_id`) ON DELETE CASCADE ON UPDATE CASCADE;

--
-- Constraints for table `tb_vote`
--
ALTER TABLE `tb_vote`
  ADD CONSTRAINT `vote_candidate_id_fk` FOREIGN KEY (`CANDIDATE_ID`) REFERENCES `tb_candidate` (`CANDIDATE_ID`) ON DELETE CASCADE ON UPDATE CASCADE,
  ADD CONSTRAINT `vote_org_id_fk` FOREIGN KEY (`ORG_ID`) REFERENCES `tb_orgs` (`ORG_ID`) ON DELETE CASCADE ON UPDATE CASCADE,
  ADD CONSTRAINT `vote_position_id_fk` FOREIGN KEY (`POSITION_ID`) REFERENCES `tb_position` (`POSITION_ID`) ON DELETE CASCADE ON UPDATE CASCADE;
COMMIT;

/*!40101 SET CHARACTER_SET_CLIENT=@OLD_CHARACTER_SET_CLIENT */;
/*!40101 SET CHARACTER_SET_RESULTS=@OLD_CHARACTER_SET_RESULTS */;
/*!40101 SET COLLATION_CONNECTION=@OLD_COLLATION_CONNECTION */;
